Month,Coal Production,Natural Gas (Dry) Production,Crude Oil Production,Natural Gas Plant Liquids Production,Total Fossil Fuels Production,Nuclear Electric Power Production,Hydroelectric Power Production,Geothermal Energy Production,Solar Energy Production,Wind Energy Production,Biomass Energy Production,Total Renewable Energy Production,Total Primary Energy Production
1973 January,1166.486,1908.249,1649.833,209.366,4933.934,68.103,272.703,1.491,0,0,129.787,403.981,5406.018
1973 February,1086.072,1922.543,1525.783,196.405,4730.803,64.634,242.199,1.363,0,0,117.338,360.9,5156.337
1973 March,1196.571,1868.43,1667.094,216.151,4948.246,72.494,268.81,1.412,0,0,129.938,400.161,5420.901
1973 April,1112.23,1777.561,1616.791,211.002,4717.583,64.07,253.185,1.649,0,0,125.636,380.47,5162.124
1973 May,1216.978,1859.241,1665.377,216.746,4958.342,62.111,260.77,1.537,0,0,129.834,392.141,5412.594
1973 June,1103.861,1802.065,1603.224,208.24,4717.391,73.968,249.859,1.763,0,0,125.611,377.232,5168.591
1973 July,1034.037,1841.884,1657.24,216.461,4749.622,75.89,235.67,1.869,0,0,129.787,367.325,5192.838
1973 August,1319.832,1857.199,1648.505,217.816,5043.352,84.883,222.077,1.762,0,0,129.918,353.757,5481.992
1973 September,1142.385,1803.086,1577.362,209.977,4732.81,85.724,179.733,1.492,0,0,125.782,307.006,5125.54
1973 October,1285.586,1836.779,1658.452,218.865,4999.682,81.971,191.723,1.76,0,0,129.97,323.453,5405.107
1973 November,1178.337,1825.548,1594.008,213.94,4811.834,88.773,210.285,1.889,0,0,125.643,337.817,5238.423
1973 December,1149.749,1886.808,1629.568,215.412,4881.536,87.557,274.435,2.435,0,0,129.824,406.694,5375.787
1974 January,1251.148,1895.424,1606.31,209.424,4962.306,84.855,304.506,2.154,0,0,130.807,437.467,5484.628
1974 February,1165.39,1728.512,1484.696,192.407,4571.004,90.577,279.95,1.901,0,0,118.091,399.942,5061.523
1974 March,1195.337,1860.608,1611.977,214.636,4882.558,97.966,290.582,2.165,0,0,130.727,423.474,5403.998
1974 April,1268.152,1747.968,1557.99,202.267,4776.378,79.566,293.702,2.039,0,0,126.583,422.323,5278.267
1974 May,1343.967,1813.504,1602.122,208.259,4967.852,73.242,294.828,2.04,0,0,130.789,427.657,5468.752
1974 June,1120.607,1709.056,1527.761,200.844,4558.267,79.015,280.695,1.975,0,0,126.611,409.281,5046.564
1974 July,1149.793,1784.832,1578.667,204.184,4717.476,113.953,276.772,2.191,0,0,130.756,409.719,5241.147
1974 August,1209.619,1757.184,1564.057,206.521,4737.381,137.654,253.175,2.163,0,0,130.763,386.101,5261.136
1974 September,1227.477,1723.392,1469.07,195.397,4615.335,122.88,225.274,1.999,0,0,126.637,353.91,5092.126
1974 October,1410.53,1734.656,1548.304,207.818,4901.308,121.248,210.955,2.03,0,0,130.718,343.703,5366.258
1974 November,791.646,1697.792,1490.971,202.048,4182.458,122.819,222.713,2.414,0,0,126.506,351.633,4656.91
1974 December,940.784,1757.184,1533.068,205.802,4436.837,148.309,243.428,2.54,0,0,130.674,376.642,4961.789
1975 January,1275.523,1737.742,1520.203,199.231,4732.7,153.503,263.371,2.117,0,0,127.269,392.756,5278.959
1975 February,1198.498,1607.054,1395.202,181.763,4382.516,140.232,251.317,2.019,0,0,114.942,368.278,4891.027
1975 March,1216.907,1697.923,1527.123,202.706,4644.658,163.893,293.961,2.277,0,0,127.251,423.49,5232.041
1975 April,1237.491,1632.579,1471.448,193.477,4534.996,146.773,279.947,2.281,0,0,123.139,405.368,5087.136
1975 May,1292.673,1649.936,1506.504,196.482,4645.595,151.58,291.504,2.475,0,0,127.303,421.283,5218.458
1975 June,1298.947,1595.823,1465.219,194.794,4554.783,140.348,285.31,3.07,0,0,123.241,411.622,5106.752
1975 July,1062.764,1637.684,1498.766,198.225,4397.44,169.294,268.081,3.091,0,0,127.288,398.459,4965.194
1975 August,1197.399,1637.684,1483.13,201.708,4519.92,174.883,237.557,3.351,0,0,127.321,368.23,5063.033
1975 September,1295.192,1565.193,1440.656,186.559,4487.6,158.543,215.793,2.954,0,0,123.21,341.957,4988.1
1975 October,1395.71,1608.075,1496.731,200.836,4701.352,161.078,238.068,3.406,0,0,127.312,368.786,5231.216
1975 November,1248.596,1580.508,1440.349,193.445,4462.898,155.988,256.706,3.31,0,0,123.18,383.196,5002.083
1975 December,1269.616,1689.755,1483.988,201.231,4644.59,183.682,272.99,3.429,0,0,127.277,403.696,5231.968
1976 January,1213.441,1709.52,1480.073,192.47,4595.503,177.844,273.323,3.403,0,0,145.049,421.775,5195.123
1976 February,1239.038,1607.52,1384.489,186.343,4417.391,158.824,257.277,3.2,0,0,135.695,396.173,4972.387
1976 March,1404.28,1673.82,1480.148,196.132,4754.38,154.58,278.567,3.426,0,0,145.051,427.044,5336.005
1976 April,1363.644,1585.08,1405.398,189.9,4544.022,121.316,253.482,3.086,0,0,140.363,396.931,5062.268
1976 May,1336.766,1633.02,1460.788,192.787,4623.361,131.784,267.732,2.949,0,0,145.047,415.728,5170.873
1976 June,1377.928,1601.4,1408.431,188.666,4576.426,174.072,268.088,3.063,0,0,140.405,411.555,5162.053
1976 July,1024.087,1636.08,1461.264,193.265,4314.695,195.628,273.026,3.311,0,0,145.088,421.425,4931.749
1976 August,1239.015,1597.32,1458.288,193.821,4488.444,202.851,249.759,3.26,0,0,145.11,398.129,5089.425
1976 September,1397.56,1527.96,1418.036,188.294,4531.851,191.006,213.376,3.173,0,0,140.436,356.984,5079.841
1976 October,1357.336,1600.38,1449.78,194.365,4601.861,191.723,220.99,3.082,0,0,145.114,369.186,5162.77
1976 November,1354.684,1597.32,1405.85,190.437,4548.292,178.235,208.138,2.597,0,0,140.651,351.386,5077.912
1976 December,1345.908,1711.56,1449.298,192.975,4699.741,233.256,212.507,2.963,0,0,145.364,360.834,5293.831
1977 January,1018.424,1699.965,1412.172,186.741,4317.302,238.556,219.069,3.232,0,0,156.22,378.521,4934.379
1977 February,1122.619,1635.642,1321.762,173.004,4253.027,211.078,160.329,2.823,0,0,141.176,304.328,4768.433
1977 March,1519.874,1711.196,1454.512,203.381,4888.964,222.619,209.549,3.2,0,0,156.217,368.966,5480.549
1977 April,1380.722,1606.033,1417.213,194.073,4598.041,213.943,197.287,2.854,0,0,151.161,351.301,5163.285
1977 May,1423.046,1652.999,1451.839,195.29,4723.174,221.834,197.656,3.081,0,0,156.186,356.923,5301.93
1977 June,1436.582,1611.138,1409.736,188.533,4645.989,231.72,182.303,3.029,0,0,151.153,336.485,5214.194
1977 July,1131.161,1635.642,1457.215,193.953,4417.971,235.032,177.779,3.204,0,0,155.92,336.903,4989.905
1977 August,1315.823,1607.054,1493.558,191.958,4608.394,244.991,176.863,2.937,0,0,156.081,335.881,5189.266
1977 September,1581.361,1562.13,1475.474,184.929,4803.893,211.395,173.821,3.144,0,0,151.11,328.075,5343.363
1977 October,1542.177,1590.718,1541.501,196.764,4871.16,205.053,181.908,3.288,0,0,156.172,341.368,5417.581
1977 November,1570.311,1569.277,1492.792,189.816,4822.196,209.548,215.864,3.303,0,0,151,370.168,5401.911
1977 December,712.642,1686.692,1525.963,197.246,4122.542,255.994,240.826,3.288,0,0,155.935,400.048,4778.585
1978 January,526.477,1700.711,1503.07,186.59,3916.848,282.638,262.529,3.326,0,0,173.128,438.983,4638.47
1978 February,538.357,1609.001,1360.355,169.139,3676.852,238.869,232.625,2.854,0,0,156.387,391.866,4307.588
1978 March,889.942,1704.787,1567.879,190.651,4353.259,245.611,257.965,2.359,0,0,173.136,433.459,5032.329
1978 April,1357.373,1627.343,1534.251,187.762,4706.729,192.342,265.041,1.989,0,0,167.349,434.379,5333.449
1978 May,1566.637,1623.267,1586.781,183.435,4960.121,223.373,301.188,1.772,0,0,172.923,475.883,5659.377
1978 June,1493.086,1583.526,1536.849,183.694,4797.155,242.728,263.109,2.179,0,0,167.34,432.628,5472.511
1978 July,1220.436,1651.799,1574.364,186.788,4633.387,273.603,256.107,2.441,0,0,172.912,431.461,5338.45
1978 August,1464.208,1617.153,1574.712,186.575,4842.647,280.082,232.357,2.871,0,0,173.189,408.417,5531.146
1978 September,1316.859,1537.671,1531.258,179.363,4565.151,242.769,221.801,3.031,0,0,167.455,392.287,5200.207
1978 October,1594.759,1594.735,1585.836,184.642,4959.971,251.605,204.012,2.254,0,0,173.169,379.436,5591.012
1978 November,1583.079,1567.222,1520.951,185.833,4857.085,272.438,208.974,2.547,0,0,167.557,379.078,5508.601
1978 December,1358.596,1668.103,1557.346,187.785,4771.831,278.067,231.275,3.228,0,0,173.06,407.564,5457.462
1979 January,1297.706,1737.742,1523.753,185.123,4744.324,302.351,262.096,3.099,0,0,182.6,447.796,5494.471
1979 February,1230.704,1624.411,1384.518,170.56,4410.193,281.883,222.855,2.535,0,0,165.096,390.487,5082.564
1979 March,1499.366,1721.406,1546.483,187.21,4954.465,264.739,271.516,3.402,0,0,182.881,457.799,5677.003
1979 April,1435.641,1660.146,1488.239,188.568,4772.595,200.369,265.941,3.146,0,0,176.844,445.932,5418.895
1979 May,1560.284,1682.608,1546.46,189.864,4979.215,163.455,303.134,3.164,0,0,182.782,489.08,5631.75
1979 June,1587.453,1611.138,1467.104,183.952,4849.647,174.776,261.646,3.204,0,0,176.833,441.683,5466.106
1979 July,1203.422,1629.516,1503.812,189.235,4525.986,226.552,238.414,3.398,0,0,182.7,424.513,5177.051
1979 August,1608.066,1656.062,1536.89,190.566,4991.583,263.316,222.695,3.707,0,0,182.808,409.21,5664.11
1979 September,1450.304,1602.97,1483.019,183.156,4719.449,237.204,198.794,3.217,0,0,176.891,378.903,5335.557
1979 October,1764.054,1672.398,1550.085,194.39,5180.926,227.745,211.243,3.607,0,0,182.752,397.602,5806.273
1979 November,1538.234,1690.776,1524.344,196.177,4949.531,209.477,234.286,3.505,0,0,176.949,414.74,5573.748
1979 December,1364.35,1787.771,1548.89,196.645,4897.656,223.959,238.063,4.275,0,0,182.77,425.109,5546.724
1980 January,1559.95,1796.526,1559.852,197.34,5113.668,215.389,265.618,3.495,0,0,209.829,478.943,5808
1980 February,1469.214,1685.718,1464.1,185.461,4804.492,210.277,224.631,3.357,0,0,196.31,424.298,5439.067
1980 March,1590.411,1805.76,1563.97,187.701,5147.842,218.584,255.676,3.731,0,0,209.727,469.134,5835.56
1980 April,1561.384,1647.756,1511.138,188.867,4909.145,205,270.552,3.909,0,0,202.894,477.356,5591.5
1980 May,1592.429,1672.38,1552.567,193.386,5010.762,200.541,303.305,4.603,0,0,209.548,517.456,5728.759
1980 June,1599.041,1564.65,1488.39,180.9,4832.981,199.859,290.604,4.441,0,0,202.723,497.768,5530.608
1980 July,1373.703,1594.404,1536.791,182.398,4687.297,229.329,257.106,4.67,0,0,209.554,471.331,5387.957
1980 August,1533.164,1554.39,1512.878,181.908,4782.339,265.424,214.693,4.991,0,0,209.675,429.358,5477.121
1980 September,1542.645,1557.468,1499.747,175.582,4775.442,257.127,194.301,4.506,0,0,202.905,401.712,5434.281
1980 October,1620.38,1626.21,1534.036,181.464,4962.09,267.351,187.73,5.117,0,0,209.717,402.564,5632.005
1980 November,1538.902,1629.288,1478.142,181.958,4828.29,228.892,201.929,5.002,0,0,202.945,409.876,5467.058
1980 December,1616.503,1773.954,1547.307,186.724,5124.487,241.396,233.998,4.877,0,0,209.671,448.546,5814.429
1981 January,1470.7,1729.468,1535.469,197.65,4933.286,262.28,236.553,5.284,0,0,220.544,462.381,5657.948
1981 February,1582.039,1552.824,1397.301,178.708,4710.872,238.196,223.123,4.671,0,0,199.248,427.043,5376.11
1981 March,1745.958,1713.036,1548.617,194.292,5201.903,242.709,217.976,5.237,0,0,220.595,443.808,5888.42
1981 April,808.732,1652.443,1488.906,185.118,4135.199,227.726,219.717,4.836,0,0,213.467,438.02,4800.945
1981 May,849.935,1676.064,1528.538,190.675,4245.212,217.546,255.2,4.791,0,0,220.433,480.423,4943.181
1981 June,1373.169,1613.417,1501.382,184.547,4672.515,233.457,278.976,4.782,0,0,213.237,496.995,5402.967
1981 July,1652.487,1641.146,1528.288,185.179,5007.101,254.569,265.656,5.256,0,0,220.392,491.304,5752.973
1981 August,1757.469,1683.253,1543.2,193.186,5177.108,297.219,228.409,5.191,0,0,220.428,454.028,5928.355
1981 September,1823.01,1556.932,1497.096,186.682,5063.72,269.115,188.516,5.224,0,0,213.48,407.22,5740.055
1981 October,1901.556,1621.633,1539.61,191.268,5254.067,226.731,191.231,5.153,0,0,220.581,416.966,5897.764
1981 November,1708.28,1563.094,1493.958,188.733,4954.065,251.301,200.541,4.498,0,0,213.437,418.476,5623.842
1981 December,1703.439,1695.577,1543.653,190.247,5132.915,286.743,252.071,4.513,0,0,220.44,477.024,5896.682
1982 January,1493.082,1709.564,1529.999,185.748,4918.393,284.331,284.215,3.975,0,0,226.251,514.44,5717.164
1982 February,1582.727,1566.672,1413.234,166.183,4728.817,223.538,281.593,3.656,0,0,204.375,489.624,5441.978
1982 March,1866.808,1657.136,1558.385,185.034,5267.363,251.971,315.347,3.22,0,0,226.157,544.724,6064.058
1982 April,1636.501,1563.588,1494.88,175.64,4870.61,241.222,295.061,3.247,0,0,218.821,517.128,5628.96
1982 May,1581.793,1534.804,1561.279,178.741,4856.617,239.606,295.887,3.773,0,0,226.135,525.795,5622.018
1982 June,1594.981,1488.544,1504.421,172.109,4760.056,266.04,295.552,4.556,0,0,218.866,518.974,5545.07
1982 July,1346.238,1509.104,1556.708,178.096,4590.146,281.997,288.273,4.792,0,0,226.202,519.267,5391.41
1982 August,1621.179,1476.208,1552.329,179.484,4829.2,276.671,252.259,4.776,0,0,226.168,483.203,5589.074
1982 September,1511.162,1415.556,1513.962,172.986,4613.666,281.149,210.219,4.581,0,0,218.947,433.748,5328.563
1982 October,1575.678,1444.34,1564.521,180.165,4764.703,257.422,208.623,4.877,0,0,226.373,439.874,5461.999
1982 November,1424.519,1459.76,1513.324,183.281,4580.885,257.281,245.861,5.122,0,0,218.948,469.93,5308.096
1982 December,1404.082,1493.684,1545.903,191.735,4635.404,269.921,292.668,4.053,0,0,226.21,522.93,5428.255
1983 January,1383.344,1571.403,1563.703,183.864,4702.314,273.422,310.615,5.087,0,0.002,246.575,562.279,5538.015
1983 February,1337.542,1363.498,1422.375,165.633,4289.048,242.067,296.625,3.913,0,0,222.738,523.276,5054.39
1983 March,1519.295,1402.675,1564.295,179.324,4665.589,260.523,321.73,4.51,0,0.003,246.61,572.853,5498.964
1983 April,1363.63,1374.733,1526.96,169.598,4434.922,243.561,318.603,4.227,0,0.002,238.625,561.458,5239.94
1983 May,1393.885,1371.321,1551.935,173.808,4490.949,240.465,331.656,3.434,0,0.003,246.647,581.741,5313.155
1983 June,1362.747,1328.297,1508.081,171.513,4370.639,263.376,326.237,4.518,0,0.002,238.736,569.493,5203.508
1983 July,1217.557,1376.296,1552.759,179.113,4325.726,279.191,298.715,5.627,0,0.001,246.651,550.993,5155.909
1983 August,1616.213,1352.142,1560.507,181.78,4710.642,285.725,274.189,7.404,0,0,246.695,528.288,5524.655
1983 September,1550.52,1287.393,1528.474,180.458,4546.845,272.705,230.65,6.764,0,0.004,238.755,476.173,5295.724
1983 October,1582.319,1353.075,1576.962,186.665,4699.021,281.314,220.423,7.091,0,0.005,246.732,474.251,5454.585
1983 November,1514.62,1349.385,1526.044,184.802,4574.85,272.735,261.94,6.311,0,0.004,238.78,507.035,5354.621
1983 December,1404.999,1463.17,1509.699,179.759,4557.628,287.465,335.876,5.025,0,0.001,246.871,587.773,5432.865
1984 January,1494.935,1702.49,1594.432,182.445,4974.302,317.844,313.504,5.094,-0.001,0,251.483,570.081,5862.227
1984 February,1621.477,1478.481,1492.671,177.603,4770.232,308.326,293.845,6.222,0.001,0.002,235.169,535.239,5613.797
1984 March,1794.345,1521.124,1559.208,185.688,5060.365,296.499,320.67,6.838,0.002,0.002,251.529,579.04,5935.904
1984 April,1601.246,1488.426,1542.058,181.947,4813.677,262.738,315.985,6.748,0.003,0.006,243.277,566.019,5642.434
1984 May,1784.422,1484.727,1610.173,187.404,5066.725,280.471,335.607,6.473,0.007,0.008,251.408,593.504,5940.699
1984 June,1681.606,1437.914,1540.306,181.217,4841.043,274.321,303.719,6.283,0.01,0.006,243.303,553.321,5668.685
1984 July,1646.026,1491.238,1597.506,189.647,4924.416,306.687,289.982,5.997,0.003,0.005,251.632,547.618,5778.721
1984 August,1999.007,1469.435,1583.928,190.003,5242.373,319.793,264.894,7.509,0.009,0.003,251.638,524.053,6086.219
1984 September,1738.428,1400.102,1564.828,186.475,4889.833,316.027,220.536,6.763,0.01,0.005,243.596,470.91,5676.77
1984 October,1535.976,1471.65,1601.235,191.426,4800.286,268.621,220.205,7.424,0.007,0.009,251.974,479.62,5548.527
1984 November,1417.188,1468.68,1562.271,188.486,4636.625,266.462,234.699,7.331,0.004,0.009,244.068,486.11,5389.197
1984 December,1404.56,1593.666,1599.623,191.467,4789.315,334.742,272.166,8.127,0,0.013,252.042,532.347,5656.405
1985 January,1492.863,1615.285,1571.371,189.303,4868.823,384.371,290.793,8.086,0.005,0.007,256.315,555.205,5808.399
1985 February,1470.39,1467.027,1465.631,170.513,4573.561,327.29,273.175,7.141,-0.001,0.011,231.512,511.838,5412.689
1985 March,1700.255,1464.106,1635.269,186.107,4985.737,329.72,260.344,8.314,0.001,0.007,256.336,525.002,5840.459
1985 April,1673.948,1379.719,1573.534,178.059,4805.26,281.04,258.039,7.281,0.013,0.006,247.599,512.937,5599.237
1985 May,1714.221,1365.195,1641.939,185.379,4906.735,304.823,279.498,7.571,0.015,0.004,255.881,542.968,5754.526
1985 June,1601.684,1318.821,1569.787,179.755,4670.048,327.55,252.373,7.294,0.016,0.004,247.643,507.33,5504.928
1985 July,1514.022,1350.741,1608.978,182.37,4656.111,373.727,225.387,8.019,0.011,0.001,256.159,489.577,5519.414
1985 August,1741.329,1347.676,1582.71,185.435,4857.15,369.775,211.206,8.381,0.021,0.004,256.301,475.912,5702.836
1985 September,1617.873,1320.837,1557.938,177.29,4673.938,366.541,198.288,7.966,0.014,0.009,247.997,454.274,5494.752
1985 October,1753.049,1376.261,1612.794,187.277,4929.382,331.461,211.589,7.626,0.01,0.005,256.175,475.406,5736.249
1985 November,1514.883,1380.646,1548.942,186.88,4631.35,320.428,242.115,9.416,0.003,0.002,248.07,499.606,5451.384
1985 December,1530.649,1594.066,1623.513,195.4,4943.628,358.837,267.386,10.325,0.002,0.001,256.246,533.96,5836.425
1986 January,1711.531,1590.844,1642.838,197.965,5143.178,383.159,226.352,10.526,0.007,0.002,249.178,486.064,6012.402
1986 February,1588.455,1379.224,1489.759,177.299,4634.737,346.156,245.152,9.04,0.006,0.002,224.922,479.122,5460.015
1986 March,1695.601,1464.062,1620.595,185.657,4965.916,325.549,300.28,9.403,0.011,0.007,248.837,558.538,5850.002
1986 April,1636.466,1315.141,1542.319,170.546,4664.471,322.413,290.609,8.479,0.014,0.006,240.788,539.897,5526.781
1986 May,1597.618,1340.462,1588.991,178.538,4705.61,337.725,287.656,8.568,0.019,0.008,248.822,545.072,5588.407
1986 June,1586.797,1282.181,1500.46,168.414,4537.852,331.481,277.26,9.295,0.015,0.005,240.837,527.412,5396.746
1986 July,1481.25,1323.357,1556.998,174.436,4536.041,379.718,254.396,9.862,0.017,0.005,249.011,513.292,5429.051
1986 August,1671.805,1323.36,1505.564,167.179,4667.907,396.534,223.81,9.839,0.017,0.005,249.176,482.847,5547.289
1986 September,1638.899,1258.956,1449.089,164.439,4511.383,387.113,222.779,8.245,0.015,0.001,241.074,472.114,5370.61
1986 October,1750.646,1333.276,1513.707,170.889,4768.518,383.103,225.018,8.105,0.013,0.002,248.974,482.113,5633.734
1986 November,1538.049,1414.165,1463.769,175.761,4591.745,369.674,244.175,7.015,0.009,0,241.122,492.321,5453.74
1986 December,1612.349,1515.772,1501.771,181.756,4811.648,417.484,273.692,9.299,0.003,0,249.352,532.346,5761.479
1987 January,1637.161,1586.308,1524.75,183.564,4931.783,417.417,267.809,9.317,0.001,0.001,244.137,521.265,5870.465
1987 February,1570.964,1425.523,1362.304,169.535,4528.326,382.159,223.722,8.64,0.006,0,220.511,452.878,5363.363
1987 March,1662.93,1505.676,1521.908,185.338,4875.851,389.382,245.143,9.473,0.009,0,244.157,498.782,5764.016
1987 April,1557.431,1403.143,1478.681,178.448,4617.703,349.992,232.573,8.929,0.013,0.002,236.139,477.656,5445.351
1987 May,1550.039,1387.096,1498.871,183.919,4619.925,358.374,255.627,9.382,0.013,0.003,244.007,509.032,5487.331
1987 June,1689.563,1328.514,1440.465,177.191,4635.733,381.76,220.689,9.635,0.017,0.01,236.522,466.873,5484.367
1987 July,1529.582,1347.142,1483.536,183.496,4543.756,418.26,213.34,9.961,0.019,0.013,244.359,467.691,5429.708
1987 August,1769.251,1371.097,1476.146,182.239,4798.734,431.801,194.652,9.923,0.012,0.002,244.396,448.986,5679.521
1987 September,1808.062,1307.841,1427.745,177.558,4721.206,414.191,191.635,9.257,0.008,0.002,236.298,437.201,5572.598
1987 October,1885.113,1422.251,1503.778,185.865,4997.007,381.045,189.215,9.375,0.006,0.001,244.059,442.655,5820.707
1987 November,1737.14,1464.474,1461.107,183.743,4846.465,390.924,177.943,9.064,0.003,0.001,236.197,423.208,5660.598
1987 December,1743.868,1586.754,1495.495,188.036,5014.152,438.627,222.161,9.312,0.002,0.002,244.104,475.58,5928.36
1988 January,1649.486,1633.857,1483.309,183.57,4950.223,473.469,230.477,9.312,0.005,0.007,255.331,495.132,5918.824
1988 February,1681.541,1487.722,1408.518,174.598,4752.379,447.892,199.789,8.013,0.008,0,238.853,446.663,5646.934
1988 March,1838.611,1551.993,1505.605,190.269,5086.477,465.555,204.359,9.341,0.013,0,255.385,469.098,6021.131
1988 April,1650.325,1420.74,1442.048,182.032,4695.146,424.786,200.293,8.454,0.005,0,247.241,455.993,5575.924
1988 May,1621.095,1454.528,1479.516,189.208,4744.347,430.975,222.701,8.31,0.013,0,255.188,486.212,5661.535
1988 June,1674.653,1382.694,1421.592,181.837,4660.775,467.326,197.723,8.815,0.014,0,247.34,453.891,5581.993
1988 July,1515.623,1400.97,1445.528,188.135,4550.257,528.281,177.42,9.589,0.012,0,255.582,442.602,5521.14
1988 August,1932.989,1420.649,1452.662,187.91,4994.209,519.872,172.238,9.149,0.012,0,255.815,437.214,5951.295
1988 September,1824.305,1340.479,1373.713,182.411,4720.908,490.56,170.174,8.772,0.01,0,247.357,426.312,5637.78
1988 October,1772.923,1456.516,1442.483,193.161,4865.084,451.551,158.144,8.939,0.001,0,255.517,422.602,5739.237
1988 November,1817.499,1483.904,1396.06,187.524,4884.987,419.662,192.932,8.874,0.001,0,247.096,448.903,5753.552
1988 December,1758.589,1564.545,1427.896,190.033,4941.064,467.038,208.016,8.77,0.001,0.001,255.345,472.132,5880.234
1989 January,1793.202,1584.724,1427.124,194.211,4999.261,490.288,224.04,14.134,2.882,1.521,266.572,509.147,5998.695
1989 February,1642.59,1464.457,1264.843,169.361,4541.252,409.824,199.31,12.761,3.105,2.331,243.927,461.435,5412.51
1989 March,1947.441,1552.134,1361.967,192.536,5054.078,419.471,242.358,15.001,4.371,2.671,268.315,532.715,6006.265
1989 April,1686.912,1478.1,1352.25,189.032,4706.294,354.476,257.728,13.095,4.845,2.484,251.946,530.097,5590.867
1989 May,1802.733,1497.715,1405.355,189.024,4894.828,405.739,300.24,13.857,5.239,2.131,241.235,562.701,5863.268
1989 June,1716.177,1436.696,1326.64,170.159,4649.672,454.815,277.046,13.664,5.348,1.631,248.447,546.136,5650.624
1989 July,1450.87,1464.506,1338.444,179.867,4433.687,553.819,242.678,13.872,5.748,1.482,261.318,525.098,5512.604
1989 August,1989.536,1454.001,1356.494,175.448,4975.478,581.511,216.086,13.414,5.595,1.075,276.985,513.154,6070.144
1989 September,1853.718,1383.898,1313.33,167.159,4718.105,474.507,202.515,12.52,5.181,2.923,264.811,487.949,5680.562
1989 October,1957.229,1451.818,1340.01,172.451,4921.508,460.972,214.892,13.157,4.717,1.832,276.462,511.06,5893.539
1989 November,1899.87,1512.263,1311.278,167.442,4890.853,459.296,226.777,12.562,3.885,1.281,276.819,521.324,5871.474
1989 December,1619.899,1566.964,1319.148,156.677,4662.688,537.442,233.595,13.504,3.551,0.671,282.52,533.841,5733.971
1990 January,1978.864,1664.082,1356.802,179.531,5179.279,583.273,253.277,15.036,3.133,3.134,236.692,511.272,6273.823
1990 February,1792.179,1482.46,1217.552,165.224,4657.415,528.705,262.555,13.739,3.396,2.405,226.266,508.361,5694.48
1990 March,2001.389,1572.566,1336.515,177.821,5088.291,487.694,301.333,15.116,4.686,2.551,244.248,567.935,6143.919
1990 April,1817.216,1490.787,1288.848,168.272,4765.123,407.576,276.175,12.08,5.161,4.373,232.64,530.43,5703.13
1990 May,1890.398,1507.534,1317.636,175.021,4890.589,454.445,291.917,14.14,5.865,3.644,210.108,525.673,5870.708
1990 June,1848.615,1465.937,1236.416,164.379,4715.347,490.288,300.121,14.647,5.823,4.227,178.544,503.363,5708.998
1990 July,1744.221,1490.656,1289.753,172.909,4697.539,567.668,257.581,14.779,6.183,1.239,219.713,499.495,5764.703
1990 August,2007.104,1496.38,1310.137,183.451,4997.071,590.033,230.354,14.592,6.147,0.729,245.632,497.455,6084.559
1990 September,1816.545,1433.396,1256.945,180.038,4686.923,513.067,187.254,13.746,5.469,0.947,239.932,447.349,5647.34
1990 October,2041.296,1558.757,1356.032,194.255,5150.339,459.207,203.213,14.398,5.038,2.114,235.437,460.199,6069.745
1990 November,1895.815,1555.941,1285.266,190.564,4927.586,476.554,219.084,13.805,4.015,2.405,220.256,459.565,5863.705
1990 December,1653.907,1607.66,1319.286,186.833,4767.685,545.839,263.525,14.668,3.851,1.239,245.644,528.927,5842.451
1991 January,1874.105,1658.25,1348.488,190.905,5071.747,570.005,280.572,15.446,3.28,0.648,269.531,569.477,6211.229
1991 February,1803.532,1459.117,1240.248,177.508,4680.405,501.792,240.524,13.497,3.535,3.026,204.535,465.116,5647.313
1991 March,1855.883,1580.541,1356.772,195.172,4988.368,514.987,282.566,15.382,4.626,2.161,214.374,519.109,6022.463
1991 April,1729.6,1506.171,1306.483,186.761,4729.014,436.46,281.008,13.871,5.096,2.485,190.452,492.912,5658.386
1991 May,1741.999,1496.87,1332.085,192.064,4763.018,490.175,309.826,14.196,6.206,3.782,206.579,540.589,5793.782
1991 June,1677.008,1426.773,1273.737,182.591,4560.109,568.322,280.947,15.048,6.301,1.621,209.721,513.638,5642.069
1991 July,1741.691,1440.952,1320.983,188.017,4691.643,636.742,266.05,15.07,6.739,1.621,210.055,499.535,5827.919
1991 August,1940.527,1446.753,1315.446,188.623,4891.35,613.027,237.525,14.928,6.565,2.377,250.834,512.229,6016.606
1991 September,1780.638,1439.983,1281.968,182.089,4684.678,543.843,201.861,14.03,5.935,2.161,267.735,491.722,5720.243
1991 October,1972.528,1554.498,1337.233,195.467,5059.727,499.59,193.296,14.793,5.208,4.43,249.408,467.135,6026.452
1991 November,1785.59,1573.539,1275.033,190.445,4824.607,485.359,202.13,15.411,4.23,4.43,241.541,467.743,5777.708
1991 December,1733.324,1645.29,1312.351,195.52,4886.484,561.832,239.639,15.954,3.902,2.053,267.033,528.581,5976.897
1992 January,1912.575,1633.184,1323.432,195.688,5064.879,605.734,235.95,15.635,3.273,1.551,279.197,535.605,6206.218
1992 February,1785.995,1440.34,1242.762,183.865,4652.962,552.907,196.021,13.827,3.545,5.333,230.468,449.194,5655.063
1992 March,1867.112,1519.445,1321.231,196.324,4904.112,479.942,237.66,15.679,4.873,3.393,221.177,482.783,5866.837
1992 April,1792.628,1490.789,1268.896,189.878,4742.19,442.584,212.719,14.254,5.512,3.297,210.172,445.954,5630.728
1992 May,1745.108,1529.131,1288.914,196.432,4759.585,477.764,242.426,15.069,6.236,0.97,190.537,455.238,5692.587
1992 June,1740.723,1487.723,1247.112,190.854,4666.411,535.959,244.966,14.876,6.278,0.776,230.985,497.881,5700.251
1992 July,1759.429,1535.564,1282.172,195.03,4772.195,586.886,214.207,15.109,6.735,0.776,250.15,486.977,5846.058
1992 August,1838.808,1494.89,1244.538,189.814,4768.049,614.183,198.457,15.214,6.653,1.454,269.662,491.44,5873.673
1992 September,1819.368,1480.53,1223.241,186.202,4709.341,533.178,183.3,14.18,5.975,3.297,251.511,458.262,5700.781
1992 October,1877.85,1578.641,1281.21,199.599,4937.301,510.817,180.27,14.943,5.4,2.521,269.545,472.679,5920.797
1992 November,1747.036,1558.985,1222.198,196.739,4724.958,531.147,212.065,14.869,4.404,2.909,264.383,498.631,5754.736
1992 December,1807.501,1625.878,1277.158,202.16,4912.697,608.106,259.394,15.043,3.996,3.587,263.891,545.912,6066.715
1993 January,1741.78,1613.188,1251.589,201.122,4807.679,620.536,268.521,15.945,3.37,2.55,274.257,564.643,5992.858
1993 February,1654.312,1449.784,1127.477,185.805,4417.378,539.056,216.725,15.426,3.712,0.51,240.964,477.337,5433.771
1993 March,1838.782,1592.044,1253.948,207.659,4892.433,489.546,253.399,16.137,5.218,5.356,263.204,543.313,5925.292
1993 April,1699.961,1509.959,1197.348,201.922,4609.189,453.758,274.886,15.99,5.916,3.826,226.859,527.476,5590.424
1993 May,1585.486,1535.118,1231.076,200.562,4552.242,529.053,316.469,14.37,6.426,3.826,196.012,537.102,5618.398
1993 June,1741.009,1483.411,1182.282,196.457,4603.16,552.722,287.581,14.436,6.333,0.893,197.445,506.688,5662.57
1993 July,1524.709,1515.159,1202.568,201.593,4444.029,593.499,254.885,15.78,6.909,1.403,212.707,491.684,5529.212
1993 August,1641.951,1533.519,1215.054,202.273,4592.797,590.418,216.292,16.007,6.904,0.765,262.322,502.29,5685.505
1993 September,1721.717,1503.423,1167.812,194.104,4587.056,525.081,188.068,15.439,6.238,1.403,250.551,461.7,5573.837
1993 October,1746.732,1586.558,1229.617,204.745,4767.653,466.738,187.59,15.349,5.504,2.933,257.383,468.76,5703.151
1993 November,1714.418,1591.221,1202.624,187.067,4695.33,492.243,195.571,15.174,4.504,4.718,262.183,482.149,5669.723
1993 December,1724.796,1670.654,1232.993,182.881,4811.324,557.848,231.625,15.621,4.156,2.805,264.559,518.766,5887.938
1994 January,1653.429,1659.758,1225.657,186.695,4725.538,594.162,220.026,15.695,3.626,0,306.708,546.055,5865.755
1994 February,1759.371,1487.28,1099.501,170.481,4516.633,520.733,210.85,14.267,3.849,1.036,244.594,474.597,5511.963
1994 March,2069.239,1665.073,1212.863,192.734,5139.909,511.829,243.412,14.471,5.508,5.639,261.461,530.492,6182.23
1994 April,1887.272,1582.42,1150.506,187.75,4807.947,451.444,254.767,14.76,6.003,4.258,236.035,515.824,5775.215
1994 May,1771.421,1637.923,1202.537,197.688,4809.569,507.184,267.13,14.543,6.596,3.798,202.48,494.547,5811.3
1994 June,1860.76,1562.982,1150.243,193.789,4767.774,540.902,258.029,13.144,6.718,3.798,215.744,497.431,5806.107
1994 July,1672.04,1619.291,1168.858,202.546,4662.735,617.95,241.004,13.897,6.988,1.956,274.451,538.297,5818.981
1994 August,2026.723,1626.278,1176.639,203.43,5033.069,628.207,209.396,15.199,6.78,1.381,251.577,484.333,6145.609
1994 September,1906.248,1543.97,1149.932,200.38,4800.529,581.426,171.008,14.102,6.325,3.222,238.967,433.624,5815.58
1994 October,1837.246,1603.714,1197.106,202.05,4840.115,529.943,180.671,14.475,5.873,3.683,271.599,476.301,5846.359
1994 November,1862.961,1648.77,1153.33,202.993,4868.054,577.783,197.506,14.295,4.631,5.064,261.436,482.931,5928.768
1994 December,1895.373,1710.555,1215.393,208.85,5030.171,632.314,229.658,14.616,4.229,1.726,262.482,512.711,6175.197
1995 January,1905.66,1640.179,1201.456,206.535,4953.83,665.531,256.445,13.067,3.473,0.059,243.462,516.505,6135.866
1995 February,1809.241,1462.862,1103.419,185.852,4561.374,544.873,258.244,9.702,3.778,0.241,206.657,478.622,5584.87
1995 March,2005.865,1623.599,1186.754,205.264,5021.481,545.102,294.609,10.67,5.26,0.047,239.82,550.407,6116.99
1995 April,1727.368,1569.275,1149.047,200.622,4646.312,518.215,253.408,9.352,6.125,0.071,267.571,536.526,5701.053
1995 May,1796.349,1612.832,1191.951,206.915,4808.047,571.444,286.483,8.606,6.879,4.214,227.439,533.621,5913.112
1995 June,1817.216,1552.48,1144.681,194.546,4708.923,592.394,311.683,9.317,7.073,5.14,226.934,560.146,5861.463
1995 July,1717.688,1603.819,1159.489,202.374,4683.37,651.824,283.275,10.066,7.293,6.392,294.251,601.277,5936.472
1995 August,1901.985,1592.803,1159.108,199.903,4853.799,647.87,251.378,16.447,7.201,5.628,301.628,582.282,6083.951
1995 September,1907.34,1546.477,1116.407,196.488,4766.712,585.133,206.52,11.83,6.445,5.907,268.791,499.493,5851.339
1995 October,1939.535,1575.236,1154.518,203.053,4872.342,570.461,238.738,19.182,5.754,2.646,292.175,558.496,6001.3
1995 November,1858.777,1620.953,1145.844,200.924,4826.497,553.807,263.386,17.276,4.675,1.291,267.659,554.287,5934.592
1995 December,1742.527,1681.731,1174.082,195.37,4793.71,628.781,301.139,16.542,4.276,0.994,262.694,585.644,6008.135
1996 January,1796.439,1630.168,1167.854,196.955,4791.416,661.075,317.658,11.3,3.588,1.523,272.584,606.652,6059.143
1996 February,1810.845,1540.477,1106.217,180.44,4637.98,587.409,328.772,11.418,3.92,1.156,226.038,571.304,5796.692
1996 March,1957.51,1631.448,1181.548,208.26,4978.767,582.642,350.334,10.872,5.741,1.939,259.039,627.925,6189.334
1996 April,1907.983,1607.943,1121.24,204.92,4842.086,528.566,329.254,12.137,6.421,2.527,205.729,556.068,5926.72
1996 May,1917.099,1636.984,1149.605,207.361,4911.048,584.355,343.915,8.603,7.126,4.05,231.211,594.906,6090.308
1996 June,1815.968,1593.012,1123.728,203.591,4736.299,603.899,330.103,12.207,7.241,3.885,254.182,607.617,5947.815
1996 July,1912.976,1631.138,1139.531,209.997,4893.643,640.194,298.56,17,7.346,5.533,281.656,610.096,6143.932
1996 August,2037.281,1636.065,1143.541,213.285,5030.173,645.688,271.592,17.542,6.871,4.291,294.581,594.878,6270.738
1996 September,1880.233,1579.477,1127.843,207.935,4795.487,573.389,228.911,15.298,6.07,3.634,259.345,513.259,5882.135
1996 October,2029.051,1617.934,1165.261,219.514,5031.76,531.582,233.632,16.305,5.73,2.616,310.461,568.744,6132.085
1996 November,1861.906,1601.151,1126.755,212.711,4802.522,547.54,243.572,16.486,4.666,1.021,295.562,561.307,5911.37
1996 December,1862.858,1638.471,1169.773,215.374,4886.476,600.336,313.353,14.191,4.412,1.265,264.912,598.134,6084.945
1997 January,1985.74,1666.424,1151.101,203.666,5006.932,618.248,336.616,12.781,3.53,1.23,275.641,629.798,6254.978
1997 February,1890.863,1509.851,1057.921,192.723,4651.357,531.601,321.859,9.767,4.025,1.112,226.521,563.285,5746.243
1997 March,1984.11,1676.394,1160.078,214.322,5034.904,529.045,357.387,13.424,5.524,1.517,251.136,628.987,6192.937
1997 April,1890.446,1597.772,1120.785,201.731,4810.734,471.001,327.586,14.657,6.215,3.309,252.01,603.776,5885.511
1997 May,2025.991,1658.807,1164.072,208.185,5057.055,493.552,349.12,14.331,6.702,3.579,268.515,642.247,6192.853
1997 June,1859.166,1571.051,1120.859,201.982,4753.058,546.683,351.899,11.918,7.016,5.281,231.69,607.803,5907.543
1997 July,1908.692,1632.027,1152.409,208.067,4901.194,601.853,323.304,15.455,7.267,5.203,259.985,611.214,6114.261
1997 August,1920.083,1628.93,1141.26,209.228,4899.501,641.012,274.788,15.283,7.074,5.416,264.422,566.984,6107.497
1997 September,1982.762,1591.515,1128.533,203.998,4906.809,551.839,238.97,14.604,6.236,2.657,250.744,513.212,5971.86
1997 October,2031.691,1644.993,1162.794,207.164,5046.643,493.021,252.613,14.497,5.702,2.804,305.656,581.272,6120.936
1997 November,1791.105,1593.447,1123.915,191.104,4699.572,537.176,242.156,14.404,4.572,0.742,264.591,526.466,5763.214
1997 December,2038.965,1622.639,1174.293,202.627,5038.524,581.961,264.16,15.576,4.302,0.73,256.998,541.767,6162.252
1998 January,2109.645,1710.311,1175.987,206.727,5202.669,607.312,293.86,15.811,3.466,0.177,278.211,591.525,6401.506
1998 February,1875.506,1522.354,1051.663,192.118,4641.64,535.028,305.87,12.721,3.709,0.083,212.209,534.593,5711.261
1998 March,2069.152,1699.438,1152.106,212.239,5132.935,563.483,323.122,15.674,5.523,0.063,240.963,585.345,6281.763
1998 April,1980.508,1641.044,1127.999,207.156,4956.706,498.354,291.715,10.788,6.093,0.876,240.612,550.085,6005.145
1998 May,1952.215,1701.704,1141.174,210.141,5005.234,540.248,338.499,9.908,6.486,1.461,250.239,606.593,6152.075
1998 June,1989.483,1631.191,1090.504,193.736,4904.914,584.683,329.782,11.755,6.838,4.027,186.089,538.492,6028.089
1998 July,1958.933,1661.339,1113.75,181.641,4915.663,645.187,292.237,14.565,7.289,5.582,246.326,565.999,6126.849
1998 August,1972.738,1672.894,1115.235,197.164,4958.031,633.331,256.055,15.558,7.139,4.299,254.237,537.288,6128.65
1998 September,2062.224,1518.664,1007.323,190.186,4778.397,600.147,212.368,15.259,6.362,4.852,248.27,487.111,5865.654
1998 October,2090.703,1638.715,1104.433,199.716,5033.568,602.492,192.567,16.743,5.699,3.047,267.922,485.978,6122.037
1998 November,1945.846,1587.717,1068.348,195.911,4797.821,601.894,204.15,15.035,4.567,1.847,230.488,456.086,5855.801
1998 December,2038.246,1627.924,1086.612,185.561,4938.343,655.652,256.829,14.633,4.278,4.539,273.362,553.64,6147.635
1999 January,1937.848,1669.22,1072.211,188.062,4867.341,686.455,301.877,15.171,3.383,3.446,272.26,596.138,6149.934
1999 February,1959.623,1504.679,968.8,176.663,4609.765,600.763,293.419,12.383,3.706,3.159,220.539,533.206,5743.733
1999 March,2092.359,1665.684,1057.697,202.967,5018.707,614.858,328.047,14.471,5.3,4.568,212.177,564.564,6198.129
1999 April,1900.155,1591.332,1024.373,198.469,4714.329,507.129,279.566,12.382,5.97,3.818,249.92,551.655,5773.114
1999 May,1813.646,1621.246,1056.309,203.26,4694.461,585.793,296.517,15.035,6.619,2.818,289.264,610.254,5890.508
1999 June,1925.871,1582.597,1002.286,205.938,4716.691,651.038,312.577,13.986,6.701,2.596,236.09,571.951,5939.68
1999 July,1876.465,1628.554,1042.48,215.97,4763.469,698.212,303.567,14.153,7.006,4.664,264.292,593.682,6055.364
1999 August,1978.927,1625.085,1039.286,212.784,4856.081,712.091,263.077,14.417,6.819,3.909,258.854,547.076,6115.249
1999 September,1971.03,1572.915,1009.856,210.663,4764.465,636.771,213.64,14.426,6.098,3.859,244.14,482.163,5883.399
1999 October,1918.471,1629.963,1069.291,221.751,4839.475,578.335,203.526,14.953,5.701,4.281,228.256,456.717,5874.527
1999 November,1955.082,1602.359,1037.102,214.223,4808.766,632.772,216.417,14.216,4.525,3.622,254.125,492.906,5934.443
1999 December,1965.608,1647.069,1071.351,222.216,4906.244,706.037,255.344,15.328,4.235,5.155,235.215,515.277,6127.559
2000 January,1855.655,1663.294,1040.031,221.167,4780.147,737.981,258.518,14.724,3.259,6.583,222.067,505.15,6023.278
2000 February,1846.984,1532.043,984.279,210.242,4573.548,669.318,229.354,13.606,3.628,7.201,246.169,499.959,5742.825
2000 March,2106.475,1676.599,1064.094,224.684,5071.853,654.279,272.397,13.848,4.981,3.571,263.209,558.005,6284.137
2000 April,1732.611,1585.259,1018.625,215.385,4551.88,607.585,290.623,14.367,5.558,3.367,254.609,568.524,5727.989
2000 May,1879.543,1646.921,1051.202,219.683,4797.348,667.205,279.719,13.885,6.279,4.163,254.678,558.724,6023.277
2000 June,1919.697,1607.554,1013.181,210.344,4750.776,701.857,256.913,13.563,6.366,4.56,227.712,509.114,5961.746
2000 July,1794.655,1660.575,1031.937,218.741,4705.909,719.306,246.155,13.983,6.901,3.876,255.348,526.262,5951.476
2000 August,2047.172,1673.128,1040.814,219.471,4980.585,701.102,224.228,14.003,6.674,3.84,254.942,503.686,6185.372
2000 September,1889.379,1619.087,1001.839,210.428,4720.733,607.662,181.584,11.971,6.099,3.391,240.331,443.376,5771.771
2000 October,1967.912,1703.539,1044.464,216.987,4932.901,547.207,175.315,12.837,5.395,4.197,270.472,468.215,5948.323
2000 November,1916.304,1620.662,1014.884,205.295,4757.145,588.94,195.459,13.383,4.293,8.396,261.335,482.866,5828.952
2000 December,1779.092,1672.867,1052.748,179.04,4683.747,659.91,200.852,14.194,4.038,3.914,254.788,477.785,5821.442
2001 January,2027.427,1718.742,1042.647,158.296,4947.112,717.508,194.798,14.612,3.104,4.022,228.434,444.97,6109.59
2001 February,1819.437,1551.42,938.688,177.122,4486.667,639.868,180.547,12.812,3.404,4.456,202.849,404.069,5530.604
2001 March,2078.637,1731.992,1057.28,207.503,5075.413,648.935,211.591,14.206,4.837,5.498,219.649,455.78,6180.129
2001 April,1890.419,1669.797,1020.098,200.579,4780.893,584.84,186.128,13.162,5.372,7.075,213.628,425.366,5791.098
2001 May,1992.608,1728.45,1048.131,216.512,4985.702,642.374,198.142,12.98,6.326,6.562,211.506,435.516,6063.592
2001 June,1948.102,1652.404,1003.248,209.019,4812.772,710.365,214.179,13.088,6.48,6.919,213.95,454.616,5977.754
2001 July,1878.077,1703.006,1033.604,214.957,4829.644,722.301,186.812,14.087,6.764,6.561,221.842,436.066,5988.011
2001 August,2087.613,1703.102,1029.43,221.322,5041.467,714.192,195.436,13.97,6.635,5.964,225.897,447.902,6203.561
2001 September,1876.859,1655.456,993.364,222.79,4748.47,661.861,157.641,13.617,5.917,5.066,214.229,396.469,5806.801
2001 October,2111.728,1722.819,1033.151,229.276,5096.975,631.394,157.418,13.913,4.998,6.27,227.319,409.918,6138.287
2001 November,1988.973,1638.493,1023.359,219.259,4870.084,651.034,159.262,13.805,4.071,4.861,219.773,401.771,5922.89
2001 December,1847.197,1689.887,1058.565,213.898,4809.547,704.181,199.905,14.208,3.766,6.362,225.088,449.328,5963.056
2002 January,2120.218,1657.746,1056.043,206.499,5040.505,740.608,221.72,15.114,3.059,8.254,228.396,476.543,6257.656
2002 February,1875.246,1484.414,955.06,193.967,4508.688,643.836,205.41,13.339,3.413,7.263,198.932,428.357,5580.88
2002 March,1873.873,1658.44,1058.271,214.906,4805.49,658.27,213.723,14.682,4.824,8.668,217.568,459.464,5923.225
2002 April,1865.983,1602.625,1016.932,210.549,4696.089,610.2,246.661,13.292,5.285,10.421,212.852,488.511,5794.8
2002 May,1898.776,1667.978,1061.729,218.858,4847.341,658.182,271.24,14.386,5.906,10.963,225.155,527.649,6033.172
2002 June,1772.256,1606.889,1023.884,204.562,4607.591,693.055,287.009,13.659,6.339,11.458,215.107,533.572,5834.219
2002 July,1794.687,1675.723,1033.997,208.668,4713.075,735.334,259.113,14.857,6.505,9.059,235.713,525.246,5973.655
2002 August,1915.377,1641.757,1042.085,218.942,4818.161,739.061,214.487,14.5,6.338,9.936,224.4,469.661,6026.882
2002 September,1918.966,1552.695,941.551,207.629,4620.841,673.308,173.824,14.109,5.621,7.486,230.855,431.895,5726.044
2002 October,1965.628,1589.03,963.407,211.876,4729.941,631.668,174.684,14.581,4.95,7.471,243.767,445.453,5807.063
2002 November,1836.121,1592.929,978.494,206.83,4614.375,642.395,200.714,14.051,4.089,6.673,230.328,455.854,5712.624
2002 December,1895.106,1651.83,1028.759,198.918,4774.614,719.511,220.434,14.594,3.653,7.683,242.334,488.697,5982.822
2003 January,1913.846,1661.814,1034.79,199.394,4809.844,721.318,208.576,15.061,3.006,6.402,237.044,470.089,6001.251
2003 February,1696.195,1510.863,939.137,185.68,4331.875,635.136,200.271,13.547,3.277,7.547,212.693,437.335,5404.346
2003 March,1837.564,1709.543,1043.462,196.097,4786.667,624.624,245.048,14.607,4.773,10.491,233.288,508.207,5919.498
2003 April,1841.394,1636.894,996.292,186.726,4661.307,591.715,250.685,14.062,5.313,11.064,228.516,509.64,5762.662
2003 May,1865.279,1671.425,1018.293,177.377,4732.374,648.269,297.627,14.16,5.879,10.19,229.756,557.612,5938.255
2003 June,1825.304,1618.573,984.68,173.696,4602.254,668.892,289.436,14.633,6.156,10.602,228.254,549.082,5820.227
2003 July,1826.571,1638.714,988.62,187.033,4640.939,725.921,251.536,14.76,6.13,9.653,242.533,524.613,5891.474
2003 August,1847.14,1672.011,1002.164,193.217,4714.532,719.367,232.592,14.674,6.069,8.256,239.928,501.519,5935.418
2003 September,1863.978,1610.843,975.968,193.316,4644.104,662.669,187.115,14.437,5.528,9.062,230.968,447.111,5753.884
2003 October,1938.176,1665.661,1009.315,206.232,4819.384,625.489,186.588,14.431,4.882,9.084,236.938,451.922,5896.796
2003 November,1737.725,1592.422,965.101,201.867,4497.115,621.151,199.617,13.908,3.852,9.735,233.698,460.811,5579.077
2003 December,1900.479,1644.538,1001.747,195.424,4742.188,715.071,243.449,15.164,3.565,11.187,251.16,524.525,5981.784
2004 January,1924.511,1636.373,1004.168,203.136,4768.187,738.367,230.201,15.493,2.977,10.01,255.574,514.255,6020.809
2004 February,1782.467,1516.224,937.179,189.65,4425.521,668.455,209.471,14.522,3.181,10.232,236.689,474.095,5568.071
2004 March,1951.81,1646.905,1009.868,206.023,4814.606,659.937,229.509,14.954,4.764,12.933,248.532,510.691,5985.235
2004 April,1887.051,1592.221,967.498,194.479,4641.249,611.292,209.214,14.075,5.236,12.969,247.253,488.747,5741.288
2004 May,1793.792,1616.643,998.961,200.685,4610.08,676.959,240.581,14.619,5.97,17.044,244.383,522.597,5809.636
2004 June,1950.629,1582.328,940.807,189.545,4663.308,706.331,252.927,14.709,6.077,13.994,244.075,531.784,5901.423
2004 July,1898.328,1630.599,986.065,204.209,4719.2,750.556,233.556,15.32,6.278,11.662,257.042,523.858,5993.614
2004 August,1957.711,1616.529,957.415,210.026,4741.681,741.102,216.265,15.116,6.129,10.524,254.446,502.48,5985.263
2004 September,1922.932,1515.167,884.177,196.039,4518.315,687.539,205.581,14.345,5.532,10.914,243.019,479.391,5685.245
2004 October,1904.518,1583.623,929.566,205.187,4622.894,652.067,188.93,15.308,4.824,10.305,253.52,472.887,5747.847
2004 November,1904.575,1547.754,943.656,203.754,4599.739,614.635,209.705,14.582,3.835,9.337,247.286,484.745,5699.119
2004 December,1973.776,1589.889,990.726,204.849,4759.239,715.534,262.527,15.104,3.572,11.739,264.199,557.141,6031.914
2005 January,1919.432,1600.675,979.22,204.343,4703.669,728.728,242.697,15.391,2.925,11.315,264.707,537.035,5969.432
2005 February,1842.525,1468.906,893.421,190.329,4395.181,636.042,216.046,13.222,3.19,9.664,247.271,489.393,5520.616
2005 March,2092.335,1654.265,1007.03,211.08,4964.711,642.216,229.338,14.912,4.597,15.605,260.043,524.494,6131.421
2005 April,1909.338,1582.958,967.932,200.858,4661.086,579.031,230.561,14.648,5.229,16.973,246.929,514.339,5754.456
2005 May,1847.085,1619.69,1006.247,208.508,4681.531,657.16,272.758,15.513,5.94,17.463,255.79,567.464,5906.154
2005 June,1953.824,1580.144,946.925,194.826,4675.718,690.282,267.803,15.257,6.06,17.967,252.466,559.554,5925.553
2005 July,1884.861,1595.52,944.551,197.143,4622.076,741.687,259.542,15.596,6.156,14.208,266.332,561.835,5925.597
2005 August,2006.343,1587.664,934.685,194.469,4723.162,744.938,215.635,15.407,6.135,11.379,266.097,514.654,5982.753
2005 September,1960.229,1373.475,733.218,162.757,4229.679,696.488,173.619,15.003,5.515,14.682,255.348,464.168,5390.335
2005 October,1919.308,1446.691,818.957,174.177,4359.133,639.055,180.046,15.341,4.846,14.46,261.121,475.814,5474.002
2005 November,1944.36,1484.716,845.109,176.934,4451.119,656.557,193.507,14.973,3.794,16.095,256.532,484.901,5592.577
2005 December,1905.549,1561.311,896.857,164.521,4528.238,748.627,221.389,15.438,3.508,18.276,268.55,527.161,5804.026
2006 January,2018.427,1578.799,907.582,188.891,4693.698,750.397,272.144,15.313,3.147,23.633,276.647,590.884,6034.979
2006 February,1821.71,1421.98,817.186,170.625,4231.5,653.394,245.611,13.834,3.448,19.064,247.274,529.231,5414.125
2006 March,2076.033,1598.775,903.885,191.151,4769.844,664.927,244.251,15.628,4.815,23.395,265.069,553.158,5987.928
2006 April,1951.57,1539.153,884.208,188.771,4563.702,600.714,283.244,14.216,5.458,24.517,250.384,577.819,5742.234
2006 May,2040.178,1599.515,926.071,197.033,4762.797,655.064,305.688,13.984,6.156,24.388,261.125,611.342,6029.203
2006 June,1987.844,1581.799,898.327,190.763,4658.733,713.665,295.163,14.911,6.195,20.351,261.96,598.581,5970.979
2006 July,1945.013,1617.326,915.932,197.537,4675.808,753.266,252.333,15.628,6.39,19.392,274.809,568.553,5997.627
2006 August,2060.571,1622.932,906.143,194.527,4784.173,751.488,215.524,15.902,6.541,16.418,277.063,531.447,6067.109
2006 September,1925.842,1585.112,875.368,193.024,4579.345,695.413,170.621,15.112,5.751,18.639,267.952,478.075,5752.833
2006 October,2021.456,1641.899,918.447,199.105,4780.906,600.11,169.17,15.766,5.073,24.223,275.12,489.353,5870.368
2006 November,1974.799,1583.034,881.172,192.314,4631.319,640.629,201.075,14.993,4.054,25.199,270.475,515.797,5787.745
2006 December,1966.068,1651.383,932.455,194.976,4744.882,735.56,214.21,15.913,3.728,24.517,283.636,542.004,6022.445
2007 January,2041.411,1618.912,918.384,187.589,4766.295,776.251,257.426,16.297,3.354,24.239,290.845,592.16,6134.706
2007 February,1814.267,1482.726,831.147,172.803,4300.942,684.143,183.513,14.248,3.669,24.906,261.666,488.001,5473.086
2007 March,2001.861,1668.5,920.442,198.657,4789.46,674.497,238.832,15.392,5.273,30.117,285.146,574.76,6038.717
2007 April,1906.797,1593.64,901.36,190.036,4591.832,601.035,236.135,14.824,5.821,31.349,278.386,566.514,5759.381
2007 May,1986.306,1687.569,936.977,200.556,4811.407,682.043,257.448,14.904,6.664,29.181,286.01,594.208,6087.657
2007 June,1958.718,1632.624,883.075,192.753,4667.17,722.934,225.519,15.616,6.719,25.9,281.995,555.751,5945.855
2007 July,1906.797,1668.648,905.818,199.715,4680.978,762.954,222.17,15.849,7.026,21.333,295.653,562.032,6005.964
2007 August,2062.217,1677.989,893.549,197.845,4831.601,763.084,197.092,15.891,6.856,26.681,295.523,542.044,6136.728
2007 September,1893.64,1640.735,852.954,194.153,4581.483,708.832,145.715,15.414,6.25,28.335,287.603,483.318,5773.632
2007 October,2024.921,1698.173,902.944,205.901,4831.938,647.062,146.248,15.989,5.568,33.374,299.416,500.596,5979.595
2007 November,1985.916,1677.541,875.919,204.147,4743.522,680.729,155.001,15.347,4.409,30.591,297.828,503.177,5927.428
2007 December,1909.892,1739.153,918.877,204.562,4772.485,755.027,181.289,16.003,4.01,34.497,312.007,547.807,6075.318
2008 January,2008.02,1731.231,919.684,200.649,4859.584,739.318,204.758,15.825,3.719,42.108,331.138,597.548,6196.45
2008 February,1903.753,1633.804,865.923,193.385,4596.865,680.743,185.146,14.369,4.189,37.955,300.535,542.194,5819.801
2008 March,1970.498,1769.1,933.035,210.057,4882.69,676.417,213.526,16.239,6.021,47.122,321.487,604.394,6163.501
2008 April,1979.137,1706.502,901.339,204.372,4791.35,599.242,219.093,15.79,6.753,51.49,314.073,607.199,5997.79
2008 May,1968.859,1763.072,924.737,211.195,4867.863,677.56,268.237,16.318,7.404,52.623,324.185,668.768,6214.19
2008 June,1839.216,1726.868,893.969,199.099,4659.152,734.978,287.514,16.206,7.752,50.653,313.335,675.46,6069.59
2008 July,2018.959,1816.817,930.788,208.477,4975.041,776.775,251.82,16.514,7.904,39.499,330.507,646.244,6398.06
2008 August,2044.16,1790.995,899.535,203.298,4937.988,758.994,209.193,16.454,7.779,32.167,333.607,599.201,6296.182
2008 September,2021.775,1528.812,691.404,164.159,4406.15,700.847,159.42,15.944,7.061,30.66,318.84,531.925,5638.922
2008 October,2123.379,1720.253,851.837,195.933,4891.401,656.598,152.441,16.495,6.197,46.87,330.125,552.128,6100.128
2008 November,1941.916,1723.872,883.589,188.654,4738.032,662.742,154.392,15.94,4.881,49.207,327.317,551.737,5952.51
2008 December,2031.694,1791.558,917.464,180.021,4920.737,762.278,205.569,16.339,4.547,65.193,323.102,614.75,6297.765
2009 January,1952.209,1826.53,924.91,190.838,4894.487,775.038,229.265,17.14,3.834,58.08,318.353,626.672,6296.196
2009 February,1801.639,1664.873,850.851,183.714,4501.076,671.752,173.845,15.517,4.354,57.117,294.389,545.223,5718.051
2009 March,1931.23,1831.011,938.301,210.882,4911.425,703.269,213.036,17.252,6.353,69.287,319.356,625.284,6239.977
2009 April,1790.664,1741.348,918.393,203.78,4654.185,621.353,251.513,16.341,7.132,72.787,303.489,651.263,5926.8
2009 May,1714.439,1800.03,966.769,217.938,4699.176,683.971,288.502,16.616,7.88,61.117,319.032,693.147,6076.295
2009 June,1784.376,1749.901,916.86,207.95,4659.088,729.356,285.318,16.212,7.873,54.65,321.739,685.792,6074.235
2009 July,1828.638,1784.865,970.551,212.804,4796.858,762.973,228.235,16.814,8.388,48.36,343.841,645.637,6205.469
2009 August,1817.378,1799.01,974.079,214.121,4804.587,755.606,191.105,16.773,8.265,53.333,348.551,618.027,6178.22
2009 September,1773.87,1693.25,967.236,211.821,4646.178,687.698,169.421,16.289,7.43,45.391,332.374,570.906,5904.781
2009 October,1770.583,1772.283,993.294,220.413,4756.574,606.841,192.185,16.479,6.592,66.501,346.472,628.228,5991.643
2009 November,1722.179,1716.238,938.66,215.445,4592.522,617.805,205.035,16.841,5.256,67.102,348.333,642.567,5852.893
2009 December,1736.516,1760.112,980.22,218.546,4695.395,739.558,241.363,17.912,4.822,67.403,360.689,692.188,6127.141
2010 January,1743.242,1777.19,971.668,223.423,4715.523,758.495,218.369,17.852,4.401,66.871,377.071,684.564,6158.582
2010 February,1686.981,1639.552,901.877,204.401,4432.811,681.945,200.874,15.872,4.96,52.993,347.952,622.652,5737.408
2010 March,1969.11,1816.526,991.653,229.944,5007.233,675.562,203.761,17.801,7.135,83.795,384.094,696.585,6379.38
2010 April,1847.733,1766.638,938.265,220.908,4773.544,602.151,186.307,16.99,8.142,95.262,368.922,675.623,6051.318
2010 May,1736.406,1837.918,971.075,231.566,4776.965,696.713,244.673,17.839,9.273,84.853,376.012,732.65,6206.329
2010 June,1802.33,1756.096,936.03,219.329,4713.784,713.885,291.254,17.219,9.566,78.526,372.328,768.894,6196.563
2010 July,1846.825,1847.277,952.544,220.808,4867.453,751.64,239.186,17.479,9.814,65.598,385.443,717.52,6336.612
2010 August,1898.224,1868.626,979.398,229.358,4975.605,748.093,196.283,17.706,9.68,65.227,389.064,677.96,6401.658
2010 September,1896.539,1813.135,977.126,225.478,4912.278,725.068,168.439,17.11,8.779,69.321,377.355,641.005,6278.35
2010 October,1864.243,1905.763,1012.364,235.346,5017.717,655.872,172.515,16.975,7.514,77.5,386.771,661.275,6334.863
2010 November,1860.411,1843.941,970.077,228.958,4903.387,654.872,190.842,17.108,6.309,95.098,386.602,695.959,6254.218
2010 December,1886.182,1933.102,1008.109,235.311,5062.703,770.138,226.037,18.027,5.711,88.383,400.917,739.075,6571.916
2011 January,1853.793,1901.499,987.852,234.207,4977.351,761.181,248.06,18.48,5.52,83.077,400.13,755.268,6493.799
2011 February,1735.779,1683.567,877.485,200.946,4497.777,677.953,234.459,16.676,6.363,101.547,359.201,718.247,5893.977
2011 March,1957.742,1949.824,1009.595,243.078,5160.238,687.083,302.503,18.388,8.813,102.452,394.547,826.703,6674.024
2011 April,1795.399,1909.401,967.023,234.367,4906.191,570.783,303.084,17.258,9.997,120.689,373.224,824.252,6301.226
2011 May,1759.893,1977.417,1010.919,247.405,4995.634,596.583,316.615,18.194,11.13,114.378,384.288,844.606,6436.823
2011 June,1803.665,1903.175,972.188,234.525,4913.552,682.987,312.381,17.02,11.526,106.731,389.076,836.734,6433.273
2011 July,1736.037,1979.461,977.981,244.372,4937.851,757.017,303.962,17.723,11.684,72.76,398.608,804.736,6499.604
2011 August,1937.155,2002.658,1018.341,246.705,5204.859,746.487,250.319,17.777,11.952,72.613,401.827,754.488,6705.833
2011 September,1906.585,1934.998,976.813,232.663,5051.059,699.506,207.705,17.127,10.674,66.739,386.447,688.692,6439.257
2011 October,1918.798,2063.146,1060.953,256.206,5299.103,662.758,192.254,17.836,9.628,102.265,397.089,719.072,6680.932
2011 November,1908.689,2021.681,1049.927,254.369,5234.666,674.655,200.932,17.57,7.674,120.853,400.207,747.237,6656.557
2011 December,1907.872,2078.892,1087.155,261.233,5335.152,751.706,230.58,18.261,7.467,103.532,419.677,779.516,6866.374
2012 January,1935.219,2095.379,1109.395,265.171,5405.164,758.482,219.888,17.4,7.288,129.726,398.833,773.134,6936.781
2012 February,1747.442,1921.858,1053.875,249.797,4972.972,669.053,193.017,16.387,8.165,105.171,372.611,695.351,6337.376
2012 March,1745.396,2062.279,1137.282,265.264,5210.222,646.854,246.546,17.608,11.678,133.476,387.374,796.681,6653.757
2012 April,1574.811,1990.079,1100.101,256.058,4921.049,585.471,250.215,17.084,13.478,120.941,368.516,770.234,6276.755
2012 May,1662.201,2064.882,1144.433,266.212,5137.728,650.551,272.562,17.787,15.933,119.336,386.825,812.443,6600.722
2012 June,1664.598,1985.593,1090.351,251.673,4992.215,682.603,253.685,17.361,16.651,113.928,377.323,778.948,6453.765
2012 July,1757.181,2104.807,1154.746,258.781,5275.514,724.406,252.091,17.946,17.063,83.946,379.041,750.086,6750.007
2012 August,1847.841,2094.448,1140.994,263.718,5347,729.361,219.192,17.786,16.478,80.59,385.552,719.598,6795.958
2012 September,1664.173,2038.525,1147.104,265.003,5114.804,676.01,167.517,17.576,15.384,83.642,366.465,650.584,6441.398
2012 October,1732.287,2111.027,1251.87,278.823,5374.007,626.049,157.02,18.027,14.153,120.241,373.472,682.912,6682.968
2012 November,1713.614,2045.867,1230.885,272.968,5263.334,594.293,178.257,18.023,11.547,110.848,368.172,686.847,6544.474
2012 December,1632.131,2095.322,1276.041,268.659,5272.153,718.688,218.713,18.608,11.142,138.215,382.521,769.199,6760.04
2013 January,1680.934,2077.633,1273.147,267.606,5299.319,746.119,236.889,18.578,10.449,140.62,391.206,797.741,6843.18
2013 February,1576.395,1882.04,1160.712,252.981,4872.129,642.44,194.813,16.666,12.205,134.295,353.773,711.752,6226.321
2013 March,1719.755,2078.076,1295.183,279.509,5372.523,657.737,195.918,18.543,17.039,150.325,397.238,779.063,6809.323
2013 April,1600.497,2037.004,1282.625,273.612,5193.738,593.157,239.451,17.376,18.627,166.741,385.899,828.095,6614.99
2013 May,1691.585,2097.713,1316.947,287.587,5393.831,656.7,271.442,17.87,20.722,154.933,404.043,869.011,6919.543
2013 June,1646.245,2027.056,1266.018,276.7,5216.019,694.124,261.271,17.415,21.97,131.171,400.577,832.404,6742.547
2013 July,1718.042,2135.986,1352.708,294.566,5501.301,737.064,260.036,18.148,22.251,105.844,417.027,823.306,7061.672
2013 August,1830.669,2131.389,1354.078,305.446,5621.582,745.477,206.403,18.011,23.202,91.917,411.328,750.86,7117.919
2013 September,1680.957,2057.272,1363.446,303.874,5405.549,687.533,161.826,17.616,21.998,111.382,392.654,705.477,6798.559
2013 October,1634.911,2132.286,1394.765,311.223,5473.186,660.205,164.092,18.402,21.221,130.092,414.632,748.438,6881.829
2013 November,1634.865,2084.64,1377.4,299.055,5395.96,678.929,168.655,16.959,17.543,150.779,413.361,767.298,6842.186
2013 December,1586.449,2117.978,1425.397,299.226,5429.05,744.947,201.585,18.423,17.297,133.26,433.893,804.457,6978.454
2014 January,1685.726,2136.45,1451.383,304.158,5577.717,765.208,205.737,18.279,16.541,170.336,418.976,829.869,7172.794
2014 February,1529.087,1975.393,1323.817,276.221,5104.519,655.141,165.437,16.342,17.938,133.222,379.971,712.911,6472.571
2014 March,1764.017,2202.854,1490.658,319.272,5776.802,652.611,230.685,18.114,26.186,168.668,420.974,864.628,7294.041
2014 April,1682.23,2183.946,1482.8,322.162,5671.137,589.726,241.934,17.711,29.029,177.224,406.459,872.356,7133.22
2014 May,1698.744,2244.558,1554.182,333.504,5830.988,658.367,252.432,18.064,33.086,148.369,417.246,869.197,7358.552
2014 June,1605.018,2183.368,1521.933,337.868,5648.187,712.658,244.824,17.519,34.866,150.247,420.03,867.486,7228.331
2014 July,1714.165,2304.121,1590.438,351.475,5960.198,752.422,231.639,17.942,34.299,115.902,434.94,834.722,7547.342
2014 August,1772.364,2316.668,1602.784,354.525,6046.341,743.936,188.367,18.034,35.03,96.722,430.195,768.348,7558.624
2014 September,1695.648,2241.143,1579.544,348.869,5865.204,706.343,152.867,17.654,33.184,109.553,409.688,722.945,7294.492
2014 October,1729.916,2338.819,1664.185,360.673,6093.593,652.547,163.184,18.185,30.86,137.97,422.001,772.2,7518.34
2014 November,1658.196,2248.89,1621.073,340.194,5868.354,681.301,177.123,18.176,25.045,179.424,416.969,816.738,7366.393
2014 December,1750.595,2341.863,1719.013,356.163,6167.634,767.299,212.347,18.469,21.349,139.904,442.916,834.986,7769.918
2015 January,1733.824,2361.033,1662.963,347.447,6105.266,776.715,224.946,18.085,21.042,141.296,423.312,828.681,7710.663
2015 February,1447.888,2143.142,1521.842,324.809,5437.681,663.68,207.684,16.614,25.055,139.054,382.846,771.253,6872.614
2015 March,1628.444,2383.242,1698.707,368.147,6078.541,675.03,226.274,18.384,34.916,142.655,415.134,837.363,7590.934
2015 April,1501.834,2339.657,1655.933,371.523,5868.947,625.226,209.407,17.077,39.565,166.504,401.278,833.831,7328.004
2015 May,1408.558,2382.846,1678.972,379.514,5849.89,688.414,187.549,18.348,42.524,159.833,418.828,827.082,7365.386
2015 June,1340.692,2300.615,1604.316,365.297,5610.919,716.542,190.239,17.349,43.217,125.073,416.506,792.384,7119.845
2015 July,1530.531,2384.835,1673.326,381.602,5970.294,746.829,195.832,18.036,44.948,127.442,431.961,818.218,7535.34
2015 August,1653.553,2387.549,1668.514,388.844,6098.459,757.32,178.199,17.919,45.255,121.893,428.805,792.071,7647.85
2015 September,1555.345,2325.114,1625.593,378.314,5884.367,695.21,149.981,16.429,38.966,130.201,407.021,742.598,7322.175
2015 October,1510.434,2385.117,1665.195,396.78,5957.527,633.451,154.979,17.722,34.283,152.646,415.534,775.164,7366.141
2015 November,1372.933,2298.489,1598.75,385.04,5655.211,630.24,180.209,17.647,29.638,183.414,416.219,827.127,7112.579
2015 December,1262.06,2375.243,1641.742,388.676,5667.721,728.229,215.88,18.225,27.212,187.297,434.134,882.748,7278.697
2016 January,1222.366,2364.713,1631.403,376.595,5595.077,758.537,236.473,17.675,26.066,170.482,424.372,875.069,7228.682
2016 February,1155.989,2243.482,1502.657,354.886,5257.015,686.509,222.851,16.51,35.123,185.916,403.858,864.259,6807.784
2016 March,1114.686,2371.122,1612.231,400.344,5498.384,691.851,252.863,17.52,43.391,202.545,425.011,941.33,7131.565
2016 April,970.598,2293.033,1522.423,389.031,5175.086,656.112,238.906,16.366,48.053,192.019,395.813,891.158,6722.356
2016 May,1069.358,2342.478,1564.988,413.402,5390.225,696.324,235.29,17.766,55.309,174.004,419.21,901.579,6988.128
2016 June,1198.39,2245.198,1485.566,399.059,5328.212,702.587,214.523,16.758,56.37,150.513,420.069,858.232,6889.031
2016 July,1246.326,2339.02,1533.598,405.763,5524.708,735.784,198.076,17.484,61.635,162.653,430.196,870.043,7130.534
2016 August,1375.601,2320.472,1539.006,383.975,5619.055,748.095,180.666,17.604,61.121,125.457,436.909,821.757,7188.906
2016 September,1308.702,2230.743,1464.919,373.442,5377.806,684.522,151.106,17.453,55.436,151.438,412.641,788.075,6850.403
2016 October,1379.141,2296.068,1567.014,399.062,5641.286,635.21,160.072,17.871,49.027,187.736,420.363,835.07,7111.566
2016 November,1349.56,2240.543,1527.341,391.795,5509.239,681.705,173.638,17.796,41.391,179.153,423.015,834.992,7025.936
2016 December,1276.371,2289.151,1560.568,377.43,5503.521,749.517,207.976,18.801,37.087,213.679,463.404,940.948,7193.987
2017 January,1381.74,2266.195,1572.466,380.149,5600.55,764.768,246.796,18.131,33.557,182.789,444.476,925.749,7291.068
2017 February,1299.87,2075.515,1458.651,367.405,5201.442,664.778,217.825,16.285,40.038,195.296,397.288,866.733,6732.953
2017 March,1299.466,2349.859,1625.493,412.646,5687.465,680.81,269.679,18.149,62.625,230.26,441.256,1021.968,7390.243
2017 April,1183.991,2276.851,1562.425,399.007,5422.274,593.479,270.77,17.535,69.427,226.762,411.814,996.307,7012.06
2017 May,1251.819,2352.708,1629.103,422.257,5655.887,641.27,298.355,17.218,81.055,206.832,430.896,1034.357,7331.513
2017 June,1335.118,2298.884,1563.51,412.559,5610.071,700.866,278.434,16.403,86.535,182.501,426.229,990.102,7301.039
2017 July,1271.276,2400.012,1638.42,427.968,5737.676,745.875,244.064,17.88,83.455,147.044,438.783,931.227,7414.779
2017 August,1423.715,2398.663,1640.798,421.408,5884.585,757.067,201.312,17.785,79.621,125.491,449.102,873.31,7514.962
2017 September,1268.566,2361.885,1633.09,404.295,5667.835,712.236,175.664,17.168,73.652,164.5,420.181,851.164,7231.236
2017 October,1336.215,2483.981,1712.61,450.099,5982.905,690.239,168.449,16.716,68.139,233.141,437.087,923.532,7596.676
2017 November,1296.157,2478.669,1729.031,444.89,5948.747,696.756,189.462,17.097,50.016,221.863,441.859,920.297,7565.8
2017 December,1277.444,2546.113,1769.389,444.413,6037.359,770.824,206.158,19.866,48.769,226.411,456.895,958.1,7766.283
2018 January,1261.133,2522.278,1771.986,428.916,5984.314,780.456,228.534,17.623,48.61,233.396,453.546,981.709,7746.479
2018 February,1224.773,2327.165,1642.639,408.275,5602.852,677.38,227.059,16.488,55.542,211.429,415.246,925.764,7205.996
2018 March,1331.16,2626.738,1858.017,467.577,6283.491,700.826,235.797,17.855,73.682,241.279,451.018,1019.631,8003.949
2018 April,1178.369,2526.68,1799.146,461.706,5965.9,618.237,256.354,16.051,86.276,240.98,428.086,1027.746,7611.884
2018 May,1242.824,2635.302,1850.144,484.455,6212.725,703.833,277.591,18,96.583,218.392,447.908,1058.475,7975.032
2018 June,1250.315,2553.969,1822.91,467.189,6094.383,728.583,251.634,17.071,102.289,225.227,443.085,1039.305,7862.271
2018 July,1279.443,2663.578,1926.465,495.565,6365.051,757.528,228.858,17.881,97.262,149.949,460.71,954.66,8077.239
2018 August,1407.969,2717.547,2009.517,512.256,6647.289,755.713,200.75,17.858,95.253,180.948,464.607,959.417,8362.419
2018 September,1267.982,2700.338,1968.173,499.684,6436.178,676.697,174.752,17.327,84.683,168.851,428.893,874.507,7987.382
2018 October,1349.492,2795.167,2057.425,510.705,6712.79,620.995,178.24,17.001,72.448,193.234,449.529,910.452,8244.236
2018 November,1277.335,2771.123,2054.042,491.54,6594.04,668.643,199.8,17.354,55.746,200.726,442.168,915.795,8178.477
2018 December,1289.571,2850.01,2129.272,499.106,6767.958,749.177,207.865,18.579,48.472,221.611,452.778,949.304,8466.439
2019 January,1335.611,2848.734,2094.291,508.212,6786.848,770.542,220.745,18.355,54.285,229.06,442.89,965.334,8522.724
2019 February,1182.574,2596.326,1861.729,475.284,6115.912,676.594,199.011,16.797,57.595,209.718,402.382,885.504,7678.011
2019 March,1130.034,2890.91,2100.533,528.689,6650.166,680.408,232.93,18.496,85.876,238.123,429.032,1004.458,8335.032
2019 April,1237.125,2812.496,2072.258,517.954,6639.834,633.374,232.358,16.517,98.053,270.902,422.896,1040.725,8313.933
2019 May,1250.989,2890.7,2139.64,540.96,6822.288,701.777,274.093,17.677,104.689,236.826,438.367,1071.652,8595.717
2019 June,1147.807,2837.185,2061.565,518.607,6565.164,719.355,241.342,17.641,112.736,209.235,429.23,1010.184,8294.703
2019 July,1199.203,2934.319,2088.399,523.192,6745.113,754.836,216.368,18.264,115.85,200.817,441.656,992.956,8492.905
2019 August,1294.194,2999.858,2187.617,528.534,7010.202,751.826,191.854,18.245,111.643,181.168,445.598,948.508,8710.536
2019 September,1187.795,2936.468,2133.079,539.813,6797.154,690.695,148.84,17.843,96.829,222.346,411.846,897.703,8385.552
2019 October,1171.171,3079.122,2238.732,561.523,7050.548,648.551,148.548,17.036,87.119,256.547,424.908,934.159,8633.257
2019 November,1105.042,2999.857,2198.766,538.027,6841.693,670.431,187.101,15.355,64.499,233.453,424.845,925.253,8437.377
2019 December,1080.676,3087.089,2257.3,555.813,6980.878,763.984,202.475,17.259,54.451,247.854,446.091,968.13,8712.992
